Location,Price,Zone,City,Area
"LOTES EN VENTA SENDERO DEL FRESNO, BLVD.SAN FELIPE Nº300","MN 1,308,560",Rancho Colorado, Puebla,118 m²
Fraccionamiento Haras Puebla,"MN 630,000",Puebla Centro, Puebla,160 m²
MN 1 Mantenimiento,"MN 10,500,000",LA PAZ, REFORMA PUEBLA,"La Paz, Puebla"
Prolongación Hispanosuiza,"MN 7,000",La Calera, Puebla,370 m²
Haras flor del bosque,"MN 1,260,000",Centro, Puebla,700 m²
"Terreno en venta 280,504.73 m2 zona Periférico Ecológico, La Calera, Puebla .","MN 420,757,095",La Calera, Puebla,280504 m²
osa mayor,"MN 26,000",Zona comercial Angelopolis, Puebla,3629 m²
Haras Bosque de las Luces,"MN 960,000",Centro, Puebla,240 m²
Gordojuela 6,"MN 1,620,000",Moratilla, Puebla,216 m²
VENTA DE TERRENO SOBRE LA 25 ORIENTE - ZONA DORADA INCREIBLE UBICACIÓN FRENTE A PARQUE ESPAÑA!,"MN 9,000,000",Ladrillera de Benitez, Puebla,1497 m²
Vicente Guerrero 6,"MN 3,371,000",Ignacio Zaragoza, Puebla,635 m²
Error,Error,Error,Error,Error
Prolongación Hispanosuiza 200,"MN 3,584,000",La Calera, Puebla,512 m²
Avenida San José Xilotzingo 10513,"MN 16,900,000",Los Gavilanes, Puebla,2600 m²
17 Sur,"MN 3,840,000",Zona comercial Angelopolis, Puebla,438 m²
c pino,"MN 800,000",Lomas Flor del Bosque, Puebla,156 m²
farol,"MN 4,870,000",Santa Cruz Guadalupe, Puebla,487 m²
Camino a San Francisco,"MN 16,650,000",San José del Puente, Puebla,1511 m²
Calle Chabacanos 4509,"MN 24,200,000",Fraccionamiento Santa Cruz Buenavista, Puebla,2200 m²
Lazaro cardenas norte,"MN 1,980,000",San Bernabe Temoxtitla, Puebla,501 m²
Terreno EN Venta EN Boulevard 5 DE Mayo Puebla Centro],"MN 17,000,000",Puebla, Puebla,819 m²
Error,Error,Error,Error,Error
Terreno Comercial EN Venta Boulevard 15 DE Mayo Cerca Hermanos Serdan,"MN 30,925,500",Puebla, Puebla,4123 m²
Terreno EN Venta EN Periferico Ecologico AL Lado DE Fracionamiento Punta DEL SOL,"MN 128,884,000",Puebla, Puebla,36824 m²
El pedregal Residencial La Calera 0,"MN 3,529,000",La Calera, Puebla,512 m²
"Terreno en venta, zona 11 Sur, INVERSIONISTAS!, Mercado Independencia, Las Torres, Puebla .","MN 93,332,900",Fraccionamiento Ex-Hacienda Mayorazgo, Puebla,16666 m²
Error,Error,Error,Error,Error
Error,Error,Error,Error,Error
"Av. 16 Ote. 4817, Unidad Magisterial México 68, 72300 Puebla, Pue., México","MN 14,931,000",Unidad habitacional Unidad Magisterial México 68, Puebla,3318 m²
vicente guerrero 915,"MN 11,224,350",San Francisco Totimehuacan, Puebla,3741 m²
Club de Golf Las Fuentes,"MN 12,000,000",Club de Golf Las Fuentes, Puebla,870 m²
"Terreno en venta 5,012 m2, zona antigua Cementera, Galerías Serdán, Puebla. .","MN 42,608,341",Equipamiento Zona Cementos Atoyac, Puebla,5012 m²
"Terreno en venta, esquina 4,123 m2 Uso MIXTO, Cementera, Galerías Serdán, Puebla MAGNIFICA INVERSIÓN!!","MN 28,040,000",Equipamiento Zona Cementos Atoyac, Puebla,4123 m²
Error,Error,Error,Error,Error
Error,Error,Error,Error,Error
"Venta DE Terreno Industrial, Puebla, Espuela DE Ferrocarril","MN 70,000,000",16 de Septiembre Norte, Puebla,16200 m²
Error,Error,Error,Error,Error
PRIVADA 12 SUR,"MN 700,000",Héroes de Puebla, Puebla,200 m²
Error,Error,Error,Error,Error
periferico eco,"MN 691,000",Flor del Bosque, Puebla,144 m²
calzada loma,"MN 9,900",Real del Bosque, Puebla,101 m²
orizaba 131,"MN 7,800",Independencia, Puebla,970 m²
CALLE REY AZTECA 5001,"MN 612,480",La Calera, Puebla,96 m²
LA ESCONDIDA,"MN 13,500",Fraccionamiento La Escondida, Puebla,400 m²
35 sur 3909,"MN 6,900,000",Fraccionamiento Las Ánimas, Puebla,427 m²
"La Fortuna, Emiliano Zapata, 72810 Tlaxcalancingo, Pue.","MN 13,322,985",Fuentes Morillotla, Puebla,1567 m²
Paseo de Sevilla,"MN 2,399,000",Villa de Zavaleta, Puebla,292 m²
PROLONGACION HISPANOSUIZA,"MN 7,000",La Calera, Puebla,375 m²
45 sur colonia la paz,"MN 2,390,000",La Paz, Puebla,172 m²
avenida juarez,"MN 46,000,000",Zona Esmeralda, Puebla,2646 m²
9 ORIENTE,"MN 8,500,000",Rancho Azcarate, Puebla,900 m²
esmeralda,"MN 3,200,000",Villa Posadas, Puebla,375 m²
Bellas Artes,"MN 2,399,000",Villa de Zavaleta, Puebla,292 m²
blvd atlixco,"MN 25,000",Las Animas, Puebla,6500 m²
Calle Vicente Guerrero 6,"MN 665,500",Ignacio Zaragoza, Puebla,121 m²
Error,Error,Error,Error,Error
CARRETERA A SAN BALTAZAR TETELA,"MN 3,000",Pueblo San Baltazar Tetela, Puebla,857 m²
San Jerónimo caleras,"MN 8,000,000",San Jerónimo Caleras, Puebla,3850 m²
Calzada Ignacio Zaragoza,"MN 100,898,800",Adolfo López Mateos, Puebla,12772 m²
Priv. del Valle,"MN 6,720,000",Santa Cruz Buenavista, Puebla,638 m²
municipio libre y 13 sur,"MN 7,990",Ex-Rancho Vaquerías, Puebla,3946 m²
FRACC. ARBOLEDAS DEL PEDREGAL,"MN 1,035,000",San José Chapulco, Puebla,90 m²
Blvd. San Felipe,"MN 1,440,600",Ex-Rancho Colorado, Puebla,120 m²
Error,Error,Error,Error,Error
Calle 117 Oriente al 12083,"MN 725,000",Fraccionamiento Ex-Hacienda Chapulco, Puebla,158 m²
17 Sur #11701. Camino Antiguo Agua Santa. Lote 6,"MN 2,950,000",Puebla Centro, Puebla,438 m²
Error,Error,Error,Error,Error
BOULEVARD HARAS #7,"MN 1,450,000",Fraccionamiento Álamo, Puebla,300 m²
Error,Error,Error,Error,Error
Avenida Lázaro Cárdenas,"MN 3,200,000",San Lorenzo, Puebla,850 m²
yermo y parres,"MN 19,200,000",Residencial Puebla, Puebla,6000 m²
lomas del marmol,"MN 3,000,000",Lomas del MArmol, Puebla,728 m²
Momoxpan,"MN 8,112,000",Residencial Zavaleta (Momoxpan), Puebla,1040 m²
Club de golf Las fuentes 2a sección,"MN 6,373,500",Club de Golf Las Fuentes, Puebla,607 m²
Hacienda San Miguel,"MN 2,950,000",Barrio San Miguel, Puebla,438 m²
Ex Hacienda de Chapulco,"MN 4,500",Granjas Puebla, Puebla,699 m²
Ex Hacienda de Chapulco,"MN 4,500",Granjas del Sur, Puebla,852 m²
Los Gavilanes 50,"MN 19,500,000",Los Gavilanes, Puebla,3340 m²
AV. DEL Trabajo 8,"MN 3,977,600",Villa Albertina, Puebla,1760 m²
Haras del Bosque,"MN 2,250,000",Flor del Bosque, Puebla,800 m²
"De la Prolongación Calle 20 Lote 1 Reserva Territorial Atlixcáyotl,","MN 6,800,000",Concepción las Lajas, Puebla,680 m²
VICENTE GUERRERO PONIENTE,"MN 3,766,673",San Felipe Hueyotlipan, Puebla,823 m²
Carretera a Fábrica,"MN 5,664,000",Club de Golf Las Fuentes, Puebla,472 m²
Priv. Santa FE L 14,"MN 18,022,500",Santa Cruz Buenavista Norte, Puebla,1335 m²
Venta Terreno 12 SUR Puebla,"MN 1,400,000",Puebla, Puebla,400 m²
"Venta DE Terreno, Puebla, Boulevard Carmelitas","MN 7,640,000",Puebla, Puebla,1528 m²
Terreno en Venta en La Paz Puebla,"MN 6,000,000",La Paz, Puebla,300 m²
"Venta DE Terreno, DOS Frentes, 12 SUR Puebla","MN 700,000",Fraccionamiento Los Héroes de Puebla, Puebla,200 m²
Terreno en Venta en Zona Industrial Puebla 2000 Cerca del Estadio Cuauhtemoc Puebla,"MN 33,859,800",Ignacio Zaragoza, Puebla,5788 m²
Terreno en Venta en Zona Hermanos Serdan Puebla,"MN 52,380,000",Francisco I Madero, Puebla,13095 m²
"Prolongación, Av. Las Haras 3001, Haras Flor del Bosque, Puebla, Pue.","MN 642,600",Flor del Bosque, Puebla,153 m²
Geo villas San Francisco Puebla,"MN 16,654,075",Geo Villas Hacienda, Puebla,6861 m²
"CENTRO DE PUEBLA, TERRENO EN VENTA ,12 ORIENTE No. 18","MN 6,500,000",Centro, Puebla,721 m²
Carretera Federal Puebla Tlaxcala,"MN 2,250,000",Lomas de San Jerónimo, Puebla,591 m²
"Terreno en venta Valsequillo frente a laguna, Puebla .","MN 6,500,000",Oasis Valsequillo, Puebla,10732 m²
Terreno en Venta en Residencial Nobel La Recta a Cholula Puebla,"MN 1,740,000",Quetzalcoatl , Puebla,120 m²
Terreno en Venta en Boulevard Atlixco Puebla,"MN 68,900,000",Zona comercial Corredor Empresarial Boulevard Atlixco, Puebla,5300 m²
"LOTES EN VENTA, CUAUTLANCINGO, PUEBLA 0","MN 680,952",Fraccionamiento San Cristóbal Caleras (Tulcingo), Puebla,88 m²
"C. 109 OTE. Y PROLONGACIÓN DE LA 24 SUR, XILOTZINGO SAN JOSÉ XILOTZINGO, PUEBLA","MN 19,200,000",San Rafael Xilotzingo, Puebla,6000 m²
Terreno en Renta o Venta en San Jeronimo Caleras Puebla,"MN 25,000,000",San Jerónimo Caleras, Puebla,10000 m²
"Calle 6 Oriente No. 2010 Colonia Los Remedios, Puebla.","MN 2,800,000",Los Remedios, Puebla,575 m²
El Pedregal La Calera - Cluster 4 4,"MN 2,623,810",La Calera, Puebla,374 m²
El Pedregal La Calera - Cluster 1 1,"MN 3,584,000",La Calera, Puebla,512 m²
Terreno EN Venta EN Periferico Ecologico Frente A Fracionamiento Punta DEL SOL,"MN 96,386,500",Puebla, Puebla,27539 m²
"Terreno en venta 300 m2, en Col. La Paz, Puebla, Pue. .","MN 6,000,000",La Paz, Puebla,300 m²
"Terreno en venta con construcción en la av 11 sur, y Club de Golf Mayorazgo, Puebla .","MN 4,990,000",Campestre Mayorazgo, Puebla,375 m²
VENTA DE TERRENO EN BARRANCA HONDA A UN COSTADO DE LA CARRETERA FED PUEBLA - TLAXCALA,"MN 3,350,000",Barranca Honda, Puebla,945 m²
"Venta de Terrenos Fraccionamiento Moratilla, zona Carretera México-Puebla","MN 1,463,000",Fraccionamiento Moratilla, Puebla,154 m²
"Terreno en venta, actualmente Campo de Golf, zona Mayorazgo, 11 Sur, Puebla .","MN 349,965,000",Campestre Mayorazgo, Puebla,45000 m²
"Terreno en venta en Fraccionamiento las Animas, 1271 m2, Puebla .","MN 15,887,500",Fraccionamiento Las Ánimas, Puebla,1271 m²
"C. de la Era, San Francisco Totimehuacan, Puebla, Pue. sn","MN 917,039",Barrio Los Reyes (San Francisco Totimehuacan), Puebla,125 m²
V. SUAREZ 26,"MN 770,000",El Encinar, Puebla,500 m²
Las Haras 3001,"MN 1,037,700",Campestre Haras, Puebla,345 m²
Error,Error,Error,Error,Error
Terreno en Venta en Periferico Ecologico en San Francisco Totimehuacan Puebla,"MN 69,761,603",San Francisco Totimehuacan, Puebla,21139 m²
Calle 3 norte # 611,"MN 1,475,000",San Francisco Totimehuacan, Puebla,590 m²
"Lote en venta en Fraccionamiento Santa Cruz Guadalupe, Zavaleta, Puebla .","MN 9,500,000",Fraccionamiento Santa Cruz Guadalupe, Puebla,847 m²
Error,Error,Error,Error,Error
1,"MN 2,238,000",La Calera, Puebla,373 m²
Gordojuela 6,"MN 1,620,000",Moratilla, Puebla,216 m²
av. Costera,"MN 1,100,000",Oasis Valsequillo, Puebla,471 m²
Campestre del Valle,"MN 5,400,000",Campestre del Valle, Puebla,656 m²
Tehuacán,"MN 25,000,000",La Paz, Puebla,1190 m²
"TERRENO EN VENTA, ZONA ECO BUAP, SAN PEDRO ZACACHIMALPA, PUEBLA 0","MN 383,000",Pueblo San Pedro Zacachimalpa, Puebla,239 m²
"Blvd. Valsequillo, San Francisco Totimehuacán","MN 12,950,000",San Francisco Totimehuacan, Puebla,5268 m²
Error,Error,Error,Error,Error
La concepción buenavista,"MN 4,850,000",Fraccionamiento La Concepción, Puebla,350 m²
Lago de Chapala,"MN 440,000",Oasis Valsequillo, Puebla,352 m²
"San Felipe Hueyotlipan, Heroica Puebla de Zaragoza, Puebla","MN 3,763,377",San Felipe Hueyotlipan, Puebla,792 m²
RIVERA DEL ATOYAC,"MN 8,500",Bosques de Atoyac, Puebla,1431 m²
"Venta Terreno Centro Historico Calle 5 de Mayo, Zona de Monumentos","MN 12,000,000",Centro, Puebla,809 m²
centro,"MN 4,960,000",Barrio de Santiago, Puebla,479 m²
Priv.. Porfirio Diaz,"MN 5,500",Guadalupe Hidalgo, Puebla,101 m²
Av 2 Pte,"MN 6,000,000",La Paz, Puebla,300 m²
AV LAS HARAS 10,"MN 800,000",Campestre Haras, Puebla,400 m²
Alcatraz,"MN 5,881,056",Santa Lucia, Puebla,4901 m²
Error,Error,Error,Error,Error
"camino a la calera, 65","MN 2,000",La Calera, Puebla,79000 m²
Villa Albertina,"MN 1,957,000",Villa Albertina, Puebla,880 m²
Hacienda San Miguel Residencial,"MN 3,840,000",El Mayorazgo, Puebla,438 m²
Error,Error,Error,Error,Error
Santa Catarina,"MN 550,800",Santa Catarina, Puebla,324 m²
CALLE NARANJOS,"MN 10,200,000",Campestre del Valle, Puebla,1400 m²
"Terreno en venta 1511 m2 en Fracc, San José del Puente, zona Zavaleta, Puebla .","MN 16,630,000",San José del Puente, Puebla,1511 m²
7%,"MN 1,357,850",Parque chiapas, Lomas de Angelópolis,"Puebla, Puebla"
MN 700 Mantenimiento,"MN 1,503,125",La Antigua Cementera, Cementos Atoyac,"Campestre Rancho Colorado, Puebla"
"Calle hispano suiza 200, pedregal de la calera, puebla, puebla","MN 1,750,000",La Calera, Puebla,250 m²
"Avenida 135 Poniente 766, Guadalupe Hidalgo, Heroica Puebla de Zaragoza, Puebla","MN 22,660,000",Guadalupe Hidalgo, Puebla,10300 m²
2 Oriente,"MN 8,293,100",Unidad habitacional Del Valle (San Jerónimo Caleras), Puebla,1658 m²
Cerrada Rivera del Atoyac Manzana 5 Lote 1 y 2,"MN 8,000",Rivera del Atoyac, Puebla,1320 m²
CALLE AZAHARES 16119 COLONIA PLAYAS DEL SUR,"MN 1,153,600",El Pedregal, Puebla,411 m²
Calle17 sur,"MN 3,840,000",San Miguel, Puebla,438 m²
calle 7 sur y Av. 45 Poniente,"MN 13,500,000",Huexotitla, Puebla,891 m²
"Segunda privada Topoya, San Jerónimo Caleras, Puebla, Puebla.","MN 2,500,000",San Jerónimo Caleras, Puebla,1177 m²
"RCV6+86 Xalticpac, Puebla, México","MN 180,000",Puebla, Puebla,2400 m²
circuito surto #1 haras del bosque puebla,"MN 1,283,250",Puebla, Puebla,435 m²
Circuito de San Andrés,"MN 10,500",Club de golf Las Fuentes, Puebla,607 m²
SAN JOSE CHAPULCO,"MN 5,000,000",San José Chapulco, Puebla,2000 m²
San Ignacio Poniente,"MN 2,200,000",Arboledas San Ignacio, Puebla,275 m²
"85 Poniente, Retorno del Bayo Fracc. El Saucedal","MN 8,500",Fraccionamiento Ex-Hacienda Mayorazgo, Puebla,288 m²
"Calle 39 Poniente 101, Gabriel Pastor 1ra Sección, Puebla de Zaragoza, Puebla, México","MN 11,900,000",16 de Septiembre, Puebla,648 m²
Error,Error,Error,Error,Error
"Avenida Las Haras 3001, Francisco Javier Clavijero Puebla","MN 6,698,274",Francisco Javier Clavijero, Puebla,3044 m²
"Venta DE Terreno, Puebla, Ideal Fraccionamiento, Plusvalía","MN 5,000,000",Santa Cruz Buenavista, Puebla,2197 m²
C. de la Era SN,"MN 799,175",San José del Puente, Puebla,122 m²
C. de la Era SN,"MN 905,840",San José del Puente, Puebla,139 m²
C. de la Era SN,"MN 780,000",San José del Puente, Puebla,120 m²
C. de la Era SN,"MN 877,982",San José del Puente, Puebla,117 m²
"Calle 17 Sur, Ex Hacienda Mayorazgo, Puebla.","MN 2,949,930",Fraccionamiento Ex-Hacienda Mayorazgo, Puebla,480 m²
"Av 23 Pte 3326, Belisario Domínguez, 72180 Puebla, Pue.","MN 1,224,000",Centro, Puebla,122 m²
"Prolongación, Av. Las Haras 3001, Haras Flor del Bosque, Puebla, Pue.","MN 1,140,000",Campestre Haras, Puebla,300 m²
"Calle 49 Sur & Av 3 Pte La Paz 72160 Puebla, Pue.","MN 8,000",La Paz, Puebla,1630 m²
"Buenavista 2019, Camino Real a Cholula, 72154 Puebla, Pue.","MN 9,144,250",Buenavista, Puebla,731 m²
"Av Fuente de Trevi 24, San Rafael Poniente, 72029 Puebla, Pue.","MN 3,700,000",Club de golf Las Fuentes, Puebla,252 m²
"VENTA LOTE 200.07M2 RANCHO CHAPULCO, PERIFERICO AL SUR DE LA CIUDAD DE PUEBLA 0","MN 1,580,000",Fraccionamiento Rancho Chapulco, Puebla,200 m²
"TERRENO EN VENTA DE 800M2 EN EL ENCINAR, FRENTE HARAS CIUDAD ECOLOGICA, PUEBLA 0 Se vende todo o en partes","MN 1,280,000",San Diego Álamos, Puebla,800 m²
"Terreno en Venta en Hacienda San Miguel Residencial - Calle 100 Sur 11701, Camino Antiguo a Agua Santa, Lote 6, Ex-Hacienda Mayorazgo, Puebla","MN 2,950,000",Fraccionamiento Ex-Hacienda Mayorazgo, Puebla,438 m²
"Terreno en venta 22,880 m2, zona Atlixcáyotl y Periférico, junto Agencia Infiniti, Puebla .","USD 3,666,666",Zona comercial Corredeor Comercial Desarrollo Atlixcayotl, Puebla,22880 m²
Predio el Fortin,"MN 27,683,040",Puebla, Puebla,57673 m²
Prolongación Avenida de las Harás,"MN 3,520,300",Puebla, Puebla,749 m²
Antiguo Camino a San Lorenzo,"MN 1,656,600",Puebla, Puebla,500 m²
"Cam. a Ocotlán, Santa Barbara Almoloya, 72750 Cholula, Pue., México","MN 629,625",Puebla, Puebla,109 m²
"Calle 43 Pte. 107, Del Calvario, 73797 San Carlos, Pue., México","MN 1,200,000",Puebla, Puebla,1000 m²
Ares 33 Clúster Malta Lomas de Angelópolis 3,"MN 1,550,000",Puebla, Puebla,236 m²
Miguel Hidalgo,"MN 108,000,000",Puebla, Puebla,12000 m²
Terreno EN Venta EN Cadereyta Jimenez,"MN 16,770,000",Puebla, Puebla,430000 m²
Av. Vicente Guerrero,"MN 11,223,000",Puebla, Puebla,3741 m²
Circuito Amapola Oriente,"MN 5,200",Fraccionamiento Los Héroes de Puebla, Puebla,371 m²
prolongacion de la 11 sur,"MN 2,170,000",San Ramon , Puebla,574 m²
"Venta Terreno, 500 metros, ideal para edificio, zona Rosendo Márquez .","MN 4,250,000",Ampliación Reforma, Puebla,500 m²
Error,Error,Error,Error,Error
Terreno en Venta en Periférico y Boulevard Carmelitas,"MN 5,500,000",Las Carmelitas, Puebla,665 m²
Error,Error,Error,Error,Error
TERRENO EN VENTA DENTRO DE FRACCIONAMIENTO EN HARAS DEL BOSQUE,"MN 2,567,000",Flor del Bosque, Puebla,873 m²
las carmelitas,"MN 2,590,000",Las Carmelitas, Puebla,700 m²
Terreno en Venta - Sobre Av. Cuauhtemoc - Col. Guadalupe Hidalgo Todo bardeado,"MN 15,920,000",Guadalupe Hidalgo, Puebla,4000 m²
Venta de Terreno en La Concepción Zavaleta,"MN 16,466,320",Concepción las Lajas, Puebla,1266 m²
VENTA DE TERRENO CON BODEGA - ZONA INDUSTRIAL ESURRECCIÓN .,"MN 11,000,000",Industrial Resurrección, Puebla,426 m²
MANUEL AVILA CAMACHO24,"MN 1,150,000",Concepción la Cruz, Puebla,115 m²
Error,Error,Error,Error,Error
58 COLONIA BUENAVISTA SAN ANDRES AZUMIATLA,"MN 103,000",Buenavista, Puebla,127 m²
hacienda san miguel,"MN 3,840,000",Los Angeles Mayorazgo, Puebla,438 m²
AVENIDA DEL JARDIN 390,"MN 1,500,000",Constitución Mexicana, Puebla,1888 m²
Error,Error,Error,Error,Error
CALLE AZAHARES COLONIA PLAYAS DEL SUR,"MN 285,600",El Pedregal, Puebla,102 m²
Error,Error,Error,Error,Error
HIPANOSUIZA,"MN 7,000",La Calera, Puebla,375 m²
LA CONCEPCION,"MN 14,000",Concepción Guadalupe, Puebla,400 m²
CALLE 3 SUR 16301,"MN 4,500,000",Jardines del Sur, Puebla,3078 m²
PROLONGACION 3 SUR 16313,"MN 6,400,000",Jardines del Sur, Puebla,2288 m²
Error,Error,Error,Error,Error
Error,Error,Error,Error,Error
Terreno EN Venta Frente A Periferico Ecologico,"MN 32,400,000",Flor del Bosque, Puebla,27000 m²
Venta DE Terreno EN 25 Oriente Cerca Blvd 5 DE Mayo Cerca DEL Centro,"MN 15,427,750",Bella Vista, Puebla,1410 m²
Error,Error,Error,Error,Error
Guillermo Xicotencatl,"MN 7,685",San Cristóbal, Puebla,73 m²
20 Poniente,"MN 7,434,000",El Tamborcito, Puebla,1062 m²
CALLE OXFORD,"MN 6,500",La Calera, Puebla,126 m²
SE Vende Como Terreno EN Gonzalo Bautista Alamos,"MN 1,450,000",Los Alamos Toltepec, Puebla,579 m²
SE Vende Como Terreno EN Gonzalo Bautista Alamos,"MN 1,250,000",Los Alamos Toltepec, Puebla,280 m²
SE Vende Como Terreno EN Gonzalo Bautista Alamos,"MN 2,700,000",Los Alamos Toltepec, Puebla,859 m²
Error,Error,Error,Error,Error
Harás del Bosque,"MN 990,000",Flor del Bosque, Puebla,534 m²
68 PONIENTE,"MN 1,189,000",20 de Noviembre, Puebla,183 m²
Venta de Bodegas y Naves con Espuela de Ferrocarril,"MN 180,000,000",La Libertad, Puebla,56000 m²
El Pedregal,"MN 2,625,000",La Calera, Puebla,375 m²
Error,Error,Error,Error,Error
Calzada del Roble#4 Fraccionamiento Cipreses de Zavaleta Colonia Zavaleta,"MN 9,600,000",Cipreses Zavaleta, Puebla,800 m²
27 poniente,"MN 6,580,000",Los Volcanes, Puebla,329 m²
Bello Horizonte,"MN 2,430,000",Bello Horizonte, Puebla,292 m²
Error,Error,Error,Error,Error
45 sur,"MN 1,700,000",Ampliacion Reforma, Puebla,172 m²
Error,Error,Error,Error,Error
calle Cedros,"MN 7,000",El Cerrito, Puebla,1000 m²
VILLA LAS FLORES,"MN 112,436,500",Villa las Flores, Puebla,20443 m²
fraccionamiento la concepción,"MN 8,039,200",Fraccionamiento La Concepción, Puebla,357 m²
Jose Ma Morelos y Pavon,"MN 1,600",El Encinar, Puebla,1200 m²
Prolongación Hispanosuiza,"MN 3,640,000",La Calera, Puebla,520 m²
Prolongación Hispanosuiza,"MN 2,625,000",La Calera, Puebla,375 m²
11 Sur,"MN 850,000",Gabriel Pastor , Puebla,10 m²
Error,Error,Error,Error,Error
Fuente del rosario,"MN 2,660,000",Moratilla, Puebla,280 m²
Av 15 de Mayo,"MN 8,000",Villa Posadas, Puebla,4123 m²
Tehuacán y petlancingo,"MN 55,000,000",La Paz, Puebla,3090 m²
petlancingo,"MN 30,000,000",La Paz, Puebla,1900 m²
Lago de Valsequillo,"MN 25,620,000",Oasis Valsequillo, Puebla,98521 m²
"blv. atlixco, torres","MN 26,346,000",Concepción la Cruz, Puebla,6591 m²
FRACCIONAMIENTO CABAÑAS DE VALSEQUILLO,"MN 2,500,000",Oasis Valsequillo, Puebla,775 m²
Error,Error,Error,Error,Error
parque anahuac,"MN 6,400",La Paz, Puebla,219 m²
Error,Error,Error,Error,Error
Error,Error,Error,Error,Error
Venta de Propiedad con departamentos en Zona Hospital de Traumatologia y Ortopedia .,"MN 2,500,000",Pueblo San Pablo Xochimehuacan, Puebla,477 m²
Nicolas Bravo,"MN 300,000",Pueblo Santo Tomás Chautla, Puebla,287 m²
"VENTA DE TERRENO DE 14,519m2, MUY CERCA DE PERIFERICO Y A UN COSTADO DE HARAS Y BOSQUES DE CHAPULTEPEC","MN 6,969,120",Francisco Javier Clavijero, Puebla,14519 m²
"Terreno de 789m2 en Venta Santa Cruz Buenavista, cerca Zavaleta y Recta a Cholula 0","MN 3,850,000",Santa Cruz Buenavista, Puebla,789 m²
"Venta terreno fraccionado. FRACCIÓN 1 - 1,246.52 m2","MN 3,053,974",San Francisco Totimehuacan, Puebla,1246 m²
"Venta terreno fraccionado. FRACCIÓN 2 - 1,253.26 m2","MN 3,070,487",San Francisco Totimehuacan, Puebla,1253 m²
"Terreno en Venta en Calzada del Arco #100, Santa Cruz Guadalupe","MN 8,893,500",Santa Cruz Guadalupe, Puebla,847 m²
Privada Aragon,"MN 6,000",Santa Cruz Buenavista, Puebla,980 m²
Terreno en Venta habitacional ( 15 mayo y Fuente de Trevi ) .,"MN 2,000,000",Fraccionamiento San Carlos, Puebla,359 m²
VENTA DE LOTE EN CASTILLOTLA 420M2 .,"MN 1,500,000",Ampliacion Lomas de Castillotla, Puebla,420 m²
Av. Central no. 1,"MN 3,750,000",San Isidro Castillotla, Puebla,1120 m²
Terreno en Venta sobre Av. Reforma - Col. San José del Puente .,"MN 67,473,000",San José del Puente, Puebla,9639 m²
TERRENOS EN VENTA FRENTE AL TRIANGULO DE LAS ANIMAS,"MN 7,196,000",Las Animas Santa Anita, Puebla,514 m²
santa cruz guadalupe,"MN 4,446,000",Santa Cruz Guadalupe, Puebla,468 m²
calzada zavaleta,"MN 5,561,400",Santa Cruz Buenavista, Puebla,713 m²
club de golf las fuentes segunda sección,"MN 6,373,500",Club de golf Las Fuentes, Puebla,607 m²
camino real a cholula,"MN 3,900,000",Camino Real a Cholula, Puebla,300 m²
BLVD. NORTE 1833,"MN 151,000,000",Villa San Alejandro, Puebla,8637 m²
Error,Error,Error,Error,Error
PARQUE SINALOA,"MN 1,320,153",Zona comercial Angelopolis, Puebla,183 m²
Carretera canoa,"MN 4,200,000",INFONAVIT San Aparicio, Puebla,4140 m²
Boulevard Lomas del Valle,"MN 10,000",Fraccionamiento Lomas del Valle, Puebla,404 m²
BLVD. NORTE 1833,"MN 20,505,000",Villa San Alejandro, Puebla,1171 m²
139 A poniente,"MN 712,000",San Isidro Castillotla, Puebla,177 m²
manzana,"MN 180,000",San Francisco Totimehuacan, Puebla,120 m²
11 Sur 4311,"MN 250,000",Reforma Agua Azul, Puebla,16 m²
Parque Viena,"MN 9,500",Zona comercial Angelopolis, Puebla,197 m²
Vicente Guerrero,"MN 2,500",San Francisco Totimehuacan, Puebla,3741 m²
21 SUR,"MN 13,728,000",Barrio San Matías, Puebla,1056 m²
Terreno EN Venta EN Castillotla,"MN 94,837,500",Ex-Rancho Vaquerías, Puebla,12645 m²
Haras,"MN 31,500,000",Lomas Flor del Bosque, Puebla,21000 m²
Blvd. Capitán Carlos Camacho Espíritu,"MN 30,636,200",San Francisco Totimehuacan, Puebla,7756 m²
Error,Error,Error,Error,Error
"Venta terreno fraccionado. FRACCIÓN 3 - 1,241.67 m2","MN 3,042,091",Fraccionamiento San Francisco Totimehuacan, Puebla,1241 m²
Error,Error,Error,Error,Error
"Terreno en Venta en Santa Martha - San Andrés Cholula, Pue.","MN 5,834,000",Fraccionamiento Ex-Hacienda Mayorazgo, Puebla,3241 m²
Error,Error,Error,Error,Error
VENTA TERRENO FRANCISCO Y MADERO!!! .,"MN 2,300,000",Ampliacion Francisco I Madero, Puebla,240 m²
Guillermo Xicoténcatl,"MN 513,188",San Cristóbal Tulcingo Oriente, Puebla,74 m²
Venta terreno con proyecto de construcción 3741.45 metros,"MN 9,166,552",Fraccionamiento San Francisco Totimehuacan, Puebla,3741 m²
Predio El Potrero,"MN 37,000,000",La Joya (Anexo Lomas San Miguel), Puebla,22264 m²
17 sur,"MN 2,949,930",Fraccionamiento Ex-Hacienda Mayorazgo, Puebla,438 m²
Error,Error,Error,Error,Error
Boulevard san felipe,"MN 1,200,000",Gonzalez Ortega 2a Secc, Puebla,120 m²
117 ORIENTE,"MN 3,150,000",Fraccionamiento Ex-Hacienda Chapulco, Puebla,700 m²
15 de mayo,"MN 8,500",Equipamiento Zona Cementos Atoyac, Puebla,5012 m²
MARIANO ABASOLO,"MN 2,510,000",Guadalupe (Ejido Romero Vargas), Puebla,296 m²
Residencial Punta del Sol,"MN 720,000",Residencial Ex-Hacienda del Ángel, Puebla,120 m²
"VENTA TERRENO IDEAL PARA DESARROLLADORES 19,700 M2 EXCELENTE UBICACIÓN ZONA VALSEQUILLO Y PERIFERICO","MN 59,238,000",Barrio San Juan (San Francisco Totimehuacan), Puebla,19746 m²
"TERRENO EN VENTA, SAN FRANCISCO TOTIMEHUACAN A CINCO MINUTOS DEL BLVD. VALSEQUILLO","MN 10,396,532",Barrio Santa Catarina (San Francisco Totimehuacan), Puebla,5907 m²
"Terreno en 3 Oriente, Centro, Puebla","MN 17,500,000",Puebla Centro, Puebla,854 m²
Error,Error,Error,Error,Error
Puebla,"MN 110,000,000",Arboledas de Loma Bella, Puebla,223 m²
Error,Error,Error,Error,Error
Error,Error,Error,Error,Error
Primera de Cuauhtémoc,"MN 300,000",Agrícola Ignacio Zaragoza, Puebla,136 m²
"Carr. Internacional, Puebla, Pue.","MN 570,000",Barrio San Juan, Puebla,120 m²
"Carr. Internacional, Puebla, Pue.","MN 570,000",Barrio San Juan, Puebla,120 m²
"Carr. Internacional, Puebla, Pue.","MN 570,000",Barrio San Juan, Puebla,120 m²
"Carr. Internacional, Puebla, Pue.","MN 570,000",Barrio San Juan, Puebla,120 m²
"Carr. Internacional, Puebla, Pue.","MN 570,000",Barrio San Juan, Puebla,120 m²
"Venta DE Terreno EN Loma Linda, SAN Francisco Totimehuacan","MN 8,950,000",San Francisco Totimehuacan, Puebla,3741 m²
Calle Cristóbal Colon No. 927,"MN 10,170,000",Santa Cruz Buenavista Norte, Puebla,1564 m²
Sirio,"MN 43,950,000",Puebla, Puebla,1465 m²
Anillo Periférico,"MN 5,760,000",Puebla, Puebla,1280 m²
Carretera Federal Atlixco,"MN 2,600",Puebla, Puebla,776 m²
AVENIDA VICENTE GUERRERO,"MN 3,000",Puebla, Puebla,3741 m²
AVENIDA MORATILLA,"MN 1,607,400",Puebla, Puebla,169 m²
Zavaleta,"MN 3,900,000",Puebla, Puebla,510 m²
Santa Cruz Guadalupe Poniente,"MN 3,825,000",Puebla, Puebla,450 m²
Santa Cruz Guadalupe Poniente,"MN 6,162,500",Puebla, Puebla,725 m²
Santa Cruz Guadalupe Poniente,"MN 3,825,000",Puebla, Puebla,450 m²
Prolongación Av. Las Haras Col. Haras Flor del Bosque,"MN 2,888,000",Puebla, Puebla,727 m²
Emiliano Zapata,"MN 10,055,000",Puebla, Puebla,4022 m²
Reforma,"MN 4,674,000",Puebla, Puebla,3116 m²
PRIVADA DE BETUNIAS,"MN 444,000",Puebla, Puebla,148 m²
31,"MN 2,500,000",Puebla, Puebla,275 m²
Calzada Ignacio Zaragoza,"MN 28,566,780",Puebla, Puebla,1731 m²
Calzada Ignacio Zaragoza,"MN 103,795,000",Puebla, Puebla,6290 m²
Calzada Ignacio Zaragoza,"MN 50,739,490",Puebla, Puebla,3075 m²
PRIVADA CAMINO REAL,"MN 765,000",Puebla, Puebla,645 m²
Prolongacion 12 Sur,"MN 15,214,500",Puebla, Puebla,3381 m²
insurgentes,"MN 3,900,000",Puebla, Puebla,510 m²
Al Batan,"MN 65,000",Puebla, Puebla,9 m²
9 norte,"MN 2,600,000",Santa Bárbara, Puebla,461 m²
Error,Error,Error,Error,Error
La Paz,"MN 17,500,000",La Paz, Puebla,1086 m²
Fray Diego de Landa 3001,"MN 2,800,000",Tres Cruces, Puebla,419 m²
Error,Error,Error,Error,Error
Error,Error,Error,Error,Error
17 Sur 11701,"MN 1,968,540",Granjas Mayorazgo, Puebla,281 m²
S/C,"MN 2,000",Jardines del Sur, Puebla,3060 m²
constitucion mexicana,"MN 890,000",Constitución Mexicana, Puebla,447 m²
35 PONIENTE,"MN 4,100,000",Benito Juárez, Puebla,530 m²
EMILIANO ZAPATA,"MN 2,475,000",Guadalupe Hidalgo, Puebla,619 m²
LA PAZ,"MN 6,000,000",La Paz, Puebla,300 m²
29 ORIENTE,"MN 4,000,000",El Carmen, Puebla,300 m²
lirios,"MN 3,299,000",Bugambilias, Puebla,535 m²
parque colima,"MN 1,146,999",Los Volcanes, Puebla,240 m²
Bosques de Chapultepec,"MN 2,400,000",Los Pinitos, Puebla,400 m²
Bosques de Chapultepec,"MN 2,400,000",Los Pinitos, Puebla,400 m²
3 Norte,"MN 3,500,000",Guadalupe Caleras, Puebla,1500 m²
CALLE 133 Y 2 SUR,"MN 900,000",Guadalupe Hidalgo, Puebla,330 m²
Mirasoles,"MN 3,600,000",Bugambilias, Puebla,500 m²
principal,"MN 2,500,000",Nueva Antequera, Puebla,320 m²
PRIV 4 SUR NAYARIT,"MN 3,300,000",El Carmen, Puebla,350 m²
PRIV 4 SUR NAYARIT,"MN 3,300,000",El Carmen, Puebla,350 m²
AV 6 ORIENTE,"MN 2,000,000",Centro, Puebla,158 m²
AV 11 ORIENTE,"MN 8,500,000",Centro, Puebla,696 m²
teziutlan,"MN 1,385,000",Granjas del Sur, Puebla,277 m²
AV 11 ORIENTE,"MN 8,500,000",Centro, Puebla,696 m²
AV 6 ORIENTE,"MN 2,000,000",Acocota, Puebla,158 m²
35 poniente,"MN 4,505,000",Benito Juárez, Puebla,530 m²
9 ORIENTE,"MN 8,500,000",Barrio de Analco, Puebla,1092 m²
35 poniente,"MN 4,505,000",Benito Juárez, Puebla,530 m²
9 ORIENTE,"MN 8,500,000",Barrio de Analco, Puebla,1092 m²
INDEPENDENCIA,"MN 2,300,000",Los Angeles Mayorazgo, Puebla,200 m²
Hermanos Serdán,"MN 5,200,000",Tres Cerritos, Puebla,1300 m²
135 poniente,"MN 12,715,500",Guadalupe Hidalgo, Puebla,4900 m²
DIAGONAL 109 ORIENTE,"MN 19,200,000",San Rafael , Puebla,6000 m²
Privada miguel alemán Valdez,"MN 35,000",San Miguel Xonacatepec, Puebla,200 ha
calle 12 b sur,"MN 1,100,000",San José Chapulco, Puebla,500 ha
Niños Heroes de Chapultepec 1918,"MN 2,090,000",San Francisco Totimehuacan, Puebla,380 ha
PRIVADA 111 B ORIENTE,"MN 1,500,000",Arboledas de Loma Bella, Puebla,200 m²
Privada 109 oriente,"MN 4,800",Fraccionamiento San Jorge, Puebla,81 m²
Osa Mayor,"MN 20,000,000",Zona comercial Angelopolis, Puebla,100 m²
Parque Bicentenario,"MN 150,000",San Francisco Totimehuacan, Puebla,159 m²
Circuito Juan Pablo II,"MN 2,700,000",San Baltazar Campeche, Puebla,258 m²
Privada Insurgentes,"MN 1,536,800",Ignacio Romero Vargas, Puebla,226 m²
117 oriente,"MN 3,150,000",San José Chapulco, Puebla,700 m²
PLATON,"MN 1,500,000",Unidad Satélite Magisterial, Puebla,245 m²
PLATÓN,"MN 1,500,000",Unidad Satélite Magisterial, Puebla,245 m²
PLATÓN,"MN 3,000,000",Unidad Satélite Magisterial, Puebla,490 m²
PLATON,"MN 1,500,000",Unidad Satélite Magisterial, Puebla,245 m²
PRIVADA CONSTITUCIÓN,"MN 1,765,500",Ignacio Romero Vargas, Puebla,535 m²
Monte Alban,"MN 2,350,000",Santa Cruz Buenavista, Puebla,330 m²
Las Palmas,"MN 1,500,000",Guadalupe Victoria Valsequillo, Puebla,763 m²
PRIVADA 111 B ORIENTE,"MN 1,490,000",Arboledas de Loma Bella, Puebla,200 m²
BUGAMBILIA,"MN 340,000",San Francisco Totimehuacan, Puebla,158 m²
BUGAMBILIA,"MN 340,000",San Francisco Totimehuacan, Puebla,158 m²
19 SUR,"MN 4,800,000",Barrio San Matías, Puebla,320 m²
Circuito Juan Pablo II,"MN 2,700,000",San Baltazar Campeche, Puebla,258 m²
AVENIDA FUENTE DE TREVI,"MN 1,760,000",San Rafael Poniente, Puebla,210 m²
Montealban,"MN 2,300,000",Santa Cruz Buenavista, Puebla,330 m²
COBRE,"MN 590,000",Lomas San Miguel, Puebla,203 m²
Campestre,"MN 2,640,000",Santa Cruz Buenavista, Puebla,660 m²
Cromo,"MN 1,015,000",Minerales de Guadalupe Sur, Puebla,290 m²
Hierro,"MN 2,005,500",Minerales de Guadalupe Sur, Puebla,573 m²
Punta del sol residencial,"MN 680,000",Fraccionamiento San Francisco Totimehuacan, Puebla,120 ha
Leona Vicario,"MN 1,687,500",Rancho San José Xilotzingo, Puebla,375 m²
Privada Calzada Zavaleta,"MN 23,460,000",Santa Cruz Buenavista Sur, Puebla,2300 m²
Carretera Internacional,"MN 96,386,500",Barrio San Juan (San Francisco Totimehuacan), Puebla,27539 m²
Carretera Internacional,"MN 73,986,500",Barrio San Juan (San Francisco Totimehuacan), Puebla,21139 m²
Calle sor juana ines de la cruz 8511 tres cruces,"MN 1,120,000",Tres Cruces, Puebla,280 m²
Club de Golf las Fuentes,"MN 6,378,750",Club de golf Las Fuentes, Puebla,607 m²
Calzada Ignacio Zaragoza,"MN 178,678,500",Puebla, Puebla,10829 m²
BLVD 15 DE MAYO,"MN 2,720,000",Valle Dorado, Puebla,200 m²
Limones,"MN 220,000",Balcones del Sur, Puebla,91 m²
Corregidora,"MN 11,619,600",Santa Cruz Buenavista Sur, Puebla,1263 m²
